"filename", "language", "Svelte", "JavaScript", "HTML", "TypeScript", "JSON", "JSON with Comments", "Markdown", "Ignore", "comment", "blank", "total"
"/Users/brianholmes/Documents/Codesmith/Projects/OSP/Svelvet Library/svelvet/.eslintrc.cjs", "JavaScript", 0, 20, 0, 0, 0, 0, 0, 0, 0, 1, 21
"/Users/brianholmes/Documents/Codesmith/Projects/OSP/Svelvet Library/svelvet/.prettierignore", "Ignore", 0, 0, 0, 0, 0, 0, 0, 11, 1, 2, 14
"/Users/brianholmes/Documents/Codesmith/Projects/OSP/Svelvet Library/svelvet/.prettierrc", "JSON", 0, 0, 0, 0, 9, 0, 0, 0, 0, 1, 10
"/Users/brianholmes/Documents/Codesmith/Projects/OSP/Svelvet Library/svelvet/README.md", "Markdown", 0, 0, 0, 0, 0, 0, 245, 0, 0, 44, 289
"/Users/brianholmes/Documents/Codesmith/Projects/OSP/Svelvet Library/svelvet/package-lock.json", "JSON", 0, 0, 0, 0, 5580, 0, 0, 0, 0, 1, 5581
"/Users/brianholmes/Documents/Codesmith/Projects/OSP/Svelvet Library/svelvet/package.json", "JSON", 0, 0, 0, 0, 67, 0, 0, 0, 0, 1, 68
"/Users/brianholmes/Documents/Codesmith/Projects/OSP/Svelvet Library/svelvet/playwright.config.ts", "TypeScript", 0, 0, 0, 9, 0, 0, 0, 0, 0, 3, 12
"/Users/brianholmes/Documents/Codesmith/Projects/OSP/Svelvet Library/svelvet/src/app.d.ts", "TypeScript", 0, 0, 0, 5, 0, 0, 0, 0, 6, 2, 13
"/Users/brianholmes/Documents/Codesmith/Projects/OSP/Svelvet Library/svelvet/src/app.html", "HTML", 0, 0, 12, 0, 0, 0, 0, 0, 0, 1, 13
"/Users/brianholmes/Documents/Codesmith/Projects/OSP/Svelvet Library/svelvet/src/index.test.ts", "TypeScript", 0, 0, 0, 6, 0, 0, 0, 0, 0, 2, 8
"/Users/brianholmes/Documents/Codesmith/Projects/OSP/Svelvet Library/svelvet/src/lib/components/Anchor/Anchor.svelte", "Svelte", 431, 0, 0, 0, 0, 0, 0, 0, 0, 66, 497
"/Users/brianholmes/Documents/Codesmith/Projects/OSP/Svelvet Library/svelvet/src/lib/components/Controls/Controls.svelte", "Svelte", 141, 0, 0, 0, 0, 0, 0, 0, 0, 22, 163
"/Users/brianholmes/Documents/Codesmith/Projects/OSP/Svelvet Library/svelvet/src/lib/components/Edge/Edge.svelte", "Svelte", 231, 0, 0, 0, 0, 0, 0, 0, 0, 36, 267
"/Users/brianholmes/Documents/Codesmith/Projects/OSP/Svelvet Library/svelvet/src/lib/components/Edge/EdgeContext.svelte", "Svelte", 7, 0, 0, 0, 0, 0, 0, 0, 0, 4, 11
"/Users/brianholmes/Documents/Codesmith/Projects/OSP/Svelvet Library/svelvet/src/lib/components/Editor/Editor.svelte", "Svelte", 69, 0, 0, 0, 0, 0, 0, 0, 0, 9, 78
"/Users/brianholmes/Documents/Codesmith/Projects/OSP/Svelvet Library/svelvet/src/lib/components/Group/Group.svelte", "Svelte", 38, 0, 0, 0, 0, 0, 0, 0, 0, 7, 45
"/Users/brianholmes/Documents/Codesmith/Projects/OSP/Svelvet Library/svelvet/src/lib/components/Group/GroupBoundingBox.svelte", "Svelte", 46, 0, 0, 0, 0, 0, 0, 0, 0, 9, 55
"/Users/brianholmes/Documents/Codesmith/Projects/OSP/Svelvet Library/svelvet/src/lib/components/Minimap/Minimap.svelte", "Svelte", 145, 0, 0, 0, 0, 0, 0, 0, 0, 26, 171
"/Users/brianholmes/Documents/Codesmith/Projects/OSP/Svelvet Library/svelvet/src/lib/components/Minimap/MinimapNode.svelte", "Svelte", 42, 0, 0, 0, 0, 0, 0, 0, 0, 7, 49
"/Users/brianholmes/Documents/Codesmith/Projects/OSP/Svelvet Library/svelvet/src/lib/components/Node/DefaultNode.svelte", "Svelte", 118, 0, 0, 0, 0, 0, 0, 0, 0, 15, 133
"/Users/brianholmes/Documents/Codesmith/Projects/OSP/Svelvet Library/svelvet/src/lib/components/Node/Header.svelte", "Svelte", 59, 0, 0, 0, 0, 0, 0, 0, 1, 10, 70
"/Users/brianholmes/Documents/Codesmith/Projects/OSP/Svelvet Library/svelvet/src/lib/components/Node/InternalNode.svelte", "Svelte", 209, 0, 0, 0, 0, 0, 0, 0, 2, 38, 249
"/Users/brianholmes/Documents/Codesmith/Projects/OSP/Svelvet Library/svelvet/src/lib/components/Node/Node.svelte", "Svelte", 131, 0, 0, 0, 0, 0, 0, 0, 0, 13, 144
"/Users/brianholmes/Documents/Codesmith/Projects/OSP/Svelvet Library/svelvet/src/lib/components/Resizer/Resizer.svelte", "Svelte", 82, 0, 0, 0, 0, 0, 0, 0, 1, 15, 98
"/Users/brianholmes/Documents/Codesmith/Projects/OSP/Svelvet Library/svelvet/src/lib/components/SelectionBox/SelectionBox.svelte", "Svelte", 94, 0, 0, 0, 0, 0, 0, 0, 0, 18, 112
"/Users/brianholmes/Documents/Codesmith/Projects/OSP/Svelvet Library/svelvet/src/lib/components/data/ColorPicker/ColorPicker.svelte", "Svelte", 58, 0, 0, 0, 0, 0, 0, 0, 0, 5, 63
"/Users/brianholmes/Documents/Codesmith/Projects/OSP/Svelvet Library/svelvet/src/lib/components/data/RadioGroup/RadioGroup.svelte", "Svelte", 46, 0, 0, 0, 0, 0, 0, 0, 0, 10, 56
"/Users/brianholmes/Documents/Codesmith/Projects/OSP/Svelvet Library/svelvet/src/lib/components/data/Slider/Slider.svelte", "Svelte", 179, 0, 0, 0, 0, 0, 0, 0, 0, 23, 202
"/Users/brianholmes/Documents/Codesmith/Projects/OSP/Svelvet Library/svelvet/src/lib/components/data/TextField/TextField.svelte", "Svelte", 14, 0, 0, 0, 0, 0, 0, 0, 0, 2, 16
"/Users/brianholmes/Documents/Codesmith/Projects/OSP/Svelvet Library/svelvet/src/lib/components/data/Visualizer/Visualizer.svelte", "Svelte", 39, 0, 0, 0, 0, 0, 0, 0, 0, 6, 45
"/Users/brianholmes/Documents/Codesmith/Projects/OSP/Svelvet Library/svelvet/src/lib/constants/defaults.ts", "TypeScript", 0, 0, 0, 6, 0, 0, 0, 0, 0, 1, 7
"/Users/brianholmes/Documents/Codesmith/Projects/OSP/Svelvet Library/svelvet/src/lib/constants/graph.ts", "TypeScript", 0, 0, 0, 4, 0, 0, 0, 0, 0, 1, 5
"/Users/brianholmes/Documents/Codesmith/Projects/OSP/Svelvet Library/svelvet/src/lib/constants/index.ts", "TypeScript", 0, 0, 0, 2, 0, 0, 0, 0, 0, 1, 3
"/Users/brianholmes/Documents/Codesmith/Projects/OSP/Svelvet Library/svelvet/src/lib/constants/math.ts", "TypeScript", 0, 0, 0, 8, 0, 0, 0, 0, 0, 2, 10
"/Users/brianholmes/Documents/Codesmith/Projects/OSP/Svelvet Library/svelvet/src/lib/constants/styles.ts", "TypeScript", 0, 0, 0, 34, 0, 0, 0, 0, 0, 6, 40
"/Users/brianholmes/Documents/Codesmith/Projects/OSP/Svelvet Library/svelvet/src/lib/constants/themes.ts", "TypeScript", 0, 0, 0, 93, 0, 0, 0, 0, 0, 8, 101
"/Users/brianholmes/Documents/Codesmith/Projects/OSP/Svelvet Library/svelvet/src/lib/containers/Background/Background.svelte", "Svelte", 91, 0, 0, 0, 0, 0, 0, 0, 3, 12, 106
"/Users/brianholmes/Documents/Codesmith/Projects/OSP/Svelvet Library/svelvet/src/lib/containers/Graph/Graph.svelte", "Svelte", 346, 0, 0, 0, 0, 0, 0, 0, 2, 55, 403
"/Users/brianholmes/Documents/Codesmith/Projects/OSP/Svelvet Library/svelvet/src/lib/containers/Svelvet/Svelvet.svelte", "Svelte", 73, 0, 0, 0, 0, 0, 0, 0, 0, 11, 84
"/Users/brianholmes/Documents/Codesmith/Projects/OSP/Svelvet Library/svelvet/src/lib/containers/ZoomPanWrapper/ZoomPanWrapper.svelte", "Svelte", 44, 0, 0, 0, 0, 0, 0, 0, 0, 8, 52
"/Users/brianholmes/Documents/Codesmith/Projects/OSP/Svelvet Library/svelvet/src/lib/index.js", "JavaScript", 0, 24, 0, 0, 0, 0, 0, 0, 0, 3, 27
"/Users/brianholmes/Documents/Codesmith/Projects/OSP/Svelvet Library/svelvet/src/lib/renderers/EdgeRenderer/EdgeRenderer.svelte", "Svelte", 32, 0, 0, 0, 0, 0, 0, 0, 0, 4, 36
"/Users/brianholmes/Documents/Codesmith/Projects/OSP/Svelvet Library/svelvet/src/lib/renderers/GraphRenderer/GraphRenderer.svelte", "Svelte", 32, 0, 0, 0, 0, 0, 0, 0, 0, 7, 39
"/Users/brianholmes/Documents/Codesmith/Projects/OSP/Svelvet Library/svelvet/src/lib/renderers/GroupBoxRenderer/GroupBoxRenderer.svelte", "Svelte", 10, 0, 0, 0, 0, 0, 0, 0, 0, 4, 14
"/Users/brianholmes/Documents/Codesmith/Projects/OSP/Svelvet Library/svelvet/src/lib/stores/CursorStore.ts", "TypeScript", 0, 0, 0, 40, 0, 0, 0, 0, 5, 8, 53
"/Users/brianholmes/Documents/Codesmith/Projects/OSP/Svelvet Library/svelvet/src/lib/stores/GraphStore.ts", "TypeScript", 0, 0, 0, 5, 0, 0, 0, 0, 0, 3, 8
"/Users/brianholmes/Documents/Codesmith/Projects/OSP/Svelvet Library/svelvet/src/lib/stores/KeypressStore.ts", "TypeScript", 0, 0, 0, 4, 0, 0, 0, 0, 0, 2, 6
"/Users/brianholmes/Documents/Codesmith/Projects/OSP/Svelvet Library/svelvet/src/lib/stores/index.ts", "TypeScript", 0, 0, 0, 3, 0, 0, 0, 0, 0, 1, 4
"/Users/brianholmes/Documents/Codesmith/Projects/OSP/Svelvet Library/svelvet/src/lib/types/anchor.ts", "TypeScript", 0, 0, 0, 26, 0, 0, 0, 0, 6, 4, 36
"/Users/brianholmes/Documents/Codesmith/Projects/OSP/Svelvet Library/svelvet/src/lib/types/config.ts", "TypeScript", 0, 0, 0, 24, 0, 0, 0, 0, 0, 5, 29
"/Users/brianholmes/Documents/Codesmith/Projects/OSP/Svelvet Library/svelvet/src/lib/types/context.ts", "TypeScript", 0, 0, 0, 15, 0, 0, 0, 0, 0, 4, 19
"/Users/brianholmes/Documents/Codesmith/Projects/OSP/Svelvet Library/svelvet/src/lib/types/data.ts", "TypeScript", 0, 0, 0, 26, 0, 0, 0, 0, 0, 3, 29
"/Users/brianholmes/Documents/Codesmith/Projects/OSP/Svelvet Library/svelvet/src/lib/types/edge.ts", "TypeScript", 0, 0, 0, 54, 0, 0, 0, 0, 1, 8, 63
"/Users/brianholmes/Documents/Codesmith/Projects/OSP/Svelvet Library/svelvet/src/lib/types/general.ts", "TypeScript", 0, 0, 0, 212, 0, 0, 0, 0, 1, 16, 229
"/Users/brianholmes/Documents/Codesmith/Projects/OSP/Svelvet Library/svelvet/src/lib/types/graph.ts", "TypeScript", 0, 0, 0, 80, 0, 0, 0, 0, 0, 11, 91
"/Users/brianholmes/Documents/Codesmith/Projects/OSP/Svelvet Library/svelvet/src/lib/types/index.ts", "TypeScript", 0, 0, 0, 11, 0, 0, 0, 0, 0, 1, 12
"/Users/brianholmes/Documents/Codesmith/Projects/OSP/Svelvet Library/svelvet/src/lib/types/key.ts", "TypeScript", 0, 0, 0, 7, 0, 0, 0, 0, 0, 3, 10
"/Users/brianholmes/Documents/Codesmith/Projects/OSP/Svelvet Library/svelvet/src/lib/types/keypress.ts", "TypeScript", 0, 0, 0, 4, 0, 0, 0, 0, 0, 2, 6
"/Users/brianholmes/Documents/Codesmith/Projects/OSP/Svelvet Library/svelvet/src/lib/types/node.ts", "TypeScript", 0, 0, 0, 77, 0, 0, 0, 0, 3, 7, 87
"/Users/brianholmes/Documents/Codesmith/Projects/OSP/Svelvet Library/svelvet/src/lib/types/parser.ts", "TypeScript", 0, 0, 0, 19, 0, 0, 0, 0, 0, 4, 23
"/Users/brianholmes/Documents/Codesmith/Projects/OSP/Svelvet Library/svelvet/src/lib/types/store.ts", "TypeScript", 0, 0, 0, 22, 0, 0, 0, 0, 0, 3, 25
"/Users/brianholmes/Documents/Codesmith/Projects/OSP/Svelvet Library/svelvet/src/lib/utils/adders/populateStore.ts", "TypeScript", 0, 0, 0, 6, 0, 0, 0, 0, 0, 2, 8
"/Users/brianholmes/Documents/Codesmith/Projects/OSP/Svelvet Library/svelvet/src/lib/utils/calculators/calculateBounds.ts", "TypeScript", 0, 0, 0, 22, 0, 0, 0, 0, 0, 5, 27
"/Users/brianholmes/Documents/Codesmith/Projects/OSP/Svelvet Library/svelvet/src/lib/utils/calculators/calculateFitContent.ts", "TypeScript", 0, 0, 0, 7, 0, 0, 0, 0, 0, 1, 8
"/Users/brianholmes/Documents/Codesmith/Projects/OSP/Svelvet Library/svelvet/src/lib/utils/calculators/calculateRelativeCursor.ts", "TypeScript", 0, 0, 0, 24, 0, 0, 0, 0, 0, 7, 31
"/Users/brianholmes/Documents/Codesmith/Projects/OSP/Svelvet Library/svelvet/src/lib/utils/calculators/calculateStepPath.ts", "TypeScript", 0, 0, 0, 77, 0, 0, 0, 0, 0, 12, 89
"/Users/brianholmes/Documents/Codesmith/Projects/OSP/Svelvet Library/svelvet/src/lib/utils/calculators/calculateTranslation.ts", "TypeScript", 0, 0, 0, 17, 0, 0, 0, 0, 3, 5, 25
"/Users/brianholmes/Documents/Codesmith/Projects/OSP/Svelvet Library/svelvet/src/lib/utils/calculators/calculateZoom.ts", "TypeScript", 0, 0, 0, 6, 0, 0, 0, 0, 0, 3, 9
"/Users/brianholmes/Documents/Codesmith/Projects/OSP/Svelvet Library/svelvet/src/lib/utils/calculators/index.ts", "TypeScript", 0, 0, 0, 6, 0, 0, 0, 0, 0, 1, 7
"/Users/brianholmes/Documents/Codesmith/Projects/OSP/Svelvet Library/svelvet/src/lib/utils/calculators/updateTranslation.ts", "TypeScript", 0, 0, 0, 15, 0, 0, 0, 0, 0, 5, 20
"/Users/brianholmes/Documents/Codesmith/Projects/OSP/Svelvet Library/svelvet/src/lib/utils/creators/createAnchor.ts", "TypeScript", 0, 0, 0, 45, 0, 0, 0, 0, 3, 4, 52
"/Users/brianholmes/Documents/Codesmith/Projects/OSP/Svelvet Library/svelvet/src/lib/utils/creators/createBoundsStore.ts", "TypeScript", 0, 0, 0, 82, 0, 0, 0, 0, 3, 13, 98
"/Users/brianholmes/Documents/Codesmith/Projects/OSP/Svelvet Library/svelvet/src/lib/utils/creators/createDerivedCursoreStore.ts", "TypeScript", 0, 0, 0, 31, 0, 0, 0, 0, 0, 4, 35
"/Users/brianholmes/Documents/Codesmith/Projects/OSP/Svelvet Library/svelvet/src/lib/utils/creators/createEdge.ts", "TypeScript", 0, 0, 0, 39, 0, 0, 0, 0, 0, 5, 44
"/Users/brianholmes/Documents/Codesmith/Projects/OSP/Svelvet Library/svelvet/src/lib/utils/creators/createGraph.ts", "TypeScript", 0, 0, 0, 62, 0, 0, 0, 0, 0, 8, 70
"/Users/brianholmes/Documents/Codesmith/Projects/OSP/Svelvet Library/svelvet/src/lib/utils/creators/createNode.ts", "TypeScript", 0, 0, 0, 70, 0, 0, 0, 0, 0, 5, 75
"/Users/brianholmes/Documents/Codesmith/Projects/OSP/Svelvet Library/svelvet/src/lib/utils/creators/createStore.ts", "TypeScript", 0, 0, 0, 49, 0, 0, 0, 0, 0, 7, 56
"/Users/brianholmes/Documents/Codesmith/Projects/OSP/Svelvet Library/svelvet/src/lib/utils/creators/generateInput.ts", "TypeScript", 0, 0, 0, 12, 0, 0, 0, 0, 0, 2, 14
"/Users/brianholmes/Documents/Codesmith/Projects/OSP/Svelvet Library/svelvet/src/lib/utils/creators/generateOutput.ts", "TypeScript", 0, 0, 0, 39, 0, 0, 0, 0, 0, 9, 48
"/Users/brianholmes/Documents/Codesmith/Projects/OSP/Svelvet Library/svelvet/src/lib/utils/creators/index.ts", "TypeScript", 0, 0, 0, 7, 0, 0, 0, 0, 0, 1, 8
"/Users/brianholmes/Documents/Codesmith/Projects/OSP/Svelvet Library/svelvet/src/lib/utils/drawers/flowchartDrawer.ts", "TypeScript", 0, 0, 0, 312, 0, 0, 0, 0, 26, 22, 360
"/Users/brianholmes/Documents/Codesmith/Projects/OSP/Svelvet Library/svelvet/src/lib/utils/helpers/clickOutside.ts", "TypeScript", 0, 0, 0, 13, 0, 0, 0, 0, 0, 3, 16
"/Users/brianholmes/Documents/Codesmith/Projects/OSP/Svelvet Library/svelvet/src/lib/utils/helpers/debounce.ts", "TypeScript", 0, 0, 0, 14, 0, 0, 0, 0, 0, 3, 17
"/Users/brianholmes/Documents/Codesmith/Projects/OSP/Svelvet Library/svelvet/src/lib/utils/helpers/generateKey.ts", "TypeScript", 0, 0, 0, 3, 0, 0, 0, 0, 0, 1, 4
"/Users/brianholmes/Documents/Codesmith/Projects/OSP/Svelvet Library/svelvet/src/lib/utils/helpers/getRandomColor.ts", "TypeScript", 0, 0, 0, 8, 0, 0, 0, 0, 0, 2, 10
"/Users/brianholmes/Documents/Codesmith/Projects/OSP/Svelvet Library/svelvet/src/lib/utils/helpers/getTouchDistance.ts", "TypeScript", 0, 0, 0, 5, 0, 0, 0, 0, 1, 1, 7
"/Users/brianholmes/Documents/Codesmith/Projects/OSP/Svelvet Library/svelvet/src/lib/utils/helpers/getTouchMidpoint.ts", "TypeScript", 0, 0, 0, 5, 0, 0, 0, 0, 1, 1, 7
"/Users/brianholmes/Documents/Codesmith/Projects/OSP/Svelvet Library/svelvet/src/lib/utils/helpers/index.ts", "TypeScript", 0, 0, 0, 9, 0, 0, 0, 0, 0, 1, 10
"/Users/brianholmes/Documents/Codesmith/Projects/OSP/Svelvet Library/svelvet/src/lib/utils/helpers/parser.ts", "TypeScript", 0, 0, 0, 110, 0, 0, 0, 0, 4, 14, 128
"/Users/brianholmes/Documents/Codesmith/Projects/OSP/Svelvet Library/svelvet/src/lib/utils/helpers/roundNum.ts", "TypeScript", 0, 0, 0, 4, 0, 0, 0, 0, 0, 1, 5
"/Users/brianholmes/Documents/Codesmith/Projects/OSP/Svelvet Library/svelvet/src/lib/utils/helpers/sortKey.ts", "TypeScript", 0, 0, 0, 6, 0, 0, 0, 0, 2, 4, 12
"/Users/brianholmes/Documents/Codesmith/Projects/OSP/Svelvet Library/svelvet/src/lib/utils/helpers/throttle.ts", "TypeScript", 0, 0, 0, 13, 0, 0, 0, 0, 0, 3, 16
"/Users/brianholmes/Documents/Codesmith/Projects/OSP/Svelvet Library/svelvet/src/lib/utils/helpers/writables.ts", "TypeScript", 0, 0, 0, 11, 0, 0, 0, 0, 0, 3, 14
"/Users/brianholmes/Documents/Codesmith/Projects/OSP/Svelvet Library/svelvet/src/lib/utils/index.ts", "TypeScript", 0, 0, 0, 5, 0, 0, 0, 0, 0, 1, 6
"/Users/brianholmes/Documents/Codesmith/Projects/OSP/Svelvet Library/svelvet/src/lib/utils/movers/index.ts", "TypeScript", 0, 0, 0, 3, 0, 0, 0, 0, 0, 1, 4
"/Users/brianholmes/Documents/Codesmith/Projects/OSP/Svelvet Library/svelvet/src/lib/utils/movers/moveNodes.ts", "TypeScript", 0, 0, 0, 80, 0, 0, 0, 0, 1, 14, 95
"/Users/brianholmes/Documents/Codesmith/Projects/OSP/Svelvet Library/svelvet/src/lib/utils/movers/translateGraph.ts", "TypeScript", 0, 0, 0, 9, 0, 0, 0, 0, 0, 2, 11
"/Users/brianholmes/Documents/Codesmith/Projects/OSP/Svelvet Library/svelvet/src/lib/utils/movers/zoomGraph.ts", "TypeScript", 0, 0, 0, 4, 0, 0, 0, 0, 0, 2, 6
"/Users/brianholmes/Documents/Codesmith/Projects/OSP/Svelvet Library/svelvet/src/lib/utils/savers/reloadStore.ts", "TypeScript", 0, 0, 0, 32, 0, 0, 0, 0, 0, 5, 37
"/Users/brianholmes/Documents/Codesmith/Projects/OSP/Svelvet Library/svelvet/src/lib/utils/savers/saveStore.ts", "TypeScript", 0, 0, 0, 41, 0, 0, 0, 0, 10, 8, 59
"/Users/brianholmes/Documents/Codesmith/Projects/OSP/Svelvet Library/svelvet/src/routes/+page.svelte", "Svelte", 77, 0, 0, 0, 0, 0, 0, 0, 0, 7, 84
"/Users/brianholmes/Documents/Codesmith/Projects/OSP/Svelvet Library/svelvet/src/routes/tests/+page.svelte", "Svelte", 83, 0, 0, 0, 0, 0, 0, 0, 0, 9, 92
"/Users/brianholmes/Documents/Codesmith/Projects/OSP/Svelvet Library/svelvet/src/test-components/CustomAnchor.svelte", "Svelte", 16, 0, 0, 0, 0, 0, 0, 0, 0, 3, 19
"/Users/brianholmes/Documents/Codesmith/Projects/OSP/Svelvet Library/svelvet/src/test-components/CustomControls.svelte", "Svelte", 7, 0, 0, 0, 0, 0, 0, 0, 0, 2, 9
"/Users/brianholmes/Documents/Codesmith/Projects/OSP/Svelvet Library/svelvet/src/test-components/CustomEdge.svelte", "Svelte", 25, 0, 0, 0, 0, 0, 0, 0, 0, 4, 29
"/Users/brianholmes/Documents/Codesmith/Projects/OSP/Svelvet Library/svelvet/src/test-components/CustomEdge2.svelte", "Svelte", 13, 0, 0, 0, 0, 0, 0, 0, 0, 3, 16
"/Users/brianholmes/Documents/Codesmith/Projects/OSP/Svelvet Library/svelvet/src/test-components/CustomEdge3.svelte", "Svelte", 26, 0, 0, 0, 0, 0, 0, 0, 0, 4, 30
"/Users/brianholmes/Documents/Codesmith/Projects/OSP/Svelvet Library/svelvet/src/test-components/MyNode.svelte", "Svelte", 60, 0, 0, 0, 0, 0, 0, 0, 0, 7, 67
"/Users/brianholmes/Documents/Codesmith/Projects/OSP/Svelvet Library/svelvet/src/test-components/TestComponent.svelte", "Svelte", 128, 0, 0, 0, 0, 0, 0, 0, 0, 11, 139
"/Users/brianholmes/Documents/Codesmith/Projects/OSP/Svelvet Library/svelvet/svelte.config.js", "JavaScript", 0, 9, 0, 0, 0, 0, 0, 0, 6, 4, 19
"/Users/brianholmes/Documents/Codesmith/Projects/OSP/Svelvet Library/svelvet/tests/test.ts", "TypeScript", 0, 0, 0, 148, 0, 0, 0, 0, 13, 65, 226
"/Users/brianholmes/Documents/Codesmith/Projects/OSP/Svelvet Library/svelvet/tsconfig.json", "JSON with Comments", 0, 0, 0, 0, 0, 14, 0, 0, 4, 1, 19
"/Users/brianholmes/Documents/Codesmith/Projects/OSP/Svelvet Library/svelvet/vite.config.ts", "TypeScript", 0, 0, 0, 11, 0, 0, 0, 0, 0, 2, 13
"Total", "-", 3242, 53, 12, 2258, 5656, 14, 245, 11, 109, 920, 12520